Name;Size;Min-Max;Average
Разработка;47;56000.0 - 124900.0;91954.34782608696
Маркетинг;38;55500.0 - 124300.0;94583.78378378379
Бухгалтерия;41;56100.0 - 124900.0;92437.5
Аналитика;34;55200.0 - 122800.0;89430.30303030302
Продажи;40;55700.0 - 122100.0;89915.38461538461
